INSERT INTO account(Login,Pass) VALUES    ('VanHungT','cokxIKCX');
INSERT INTO account(Login,Pass) VALUES    ('LyraiL','oqPNmc@@');
INSERT INTO account(Login,Pass) VALUES    ('LinaM','^mqOBJA$');
INSERT INTO account(Login,Pass) VALUES    ('JimR','lecturer');
INSERT INTO account(Login,Pass) VALUES    ('ElizabethE','#NHgYNyx');
INSERT INTO account(Login,Pass) VALUES    ('SarahK','KApWDMmH');
INSERT INTO account(Login,Pass) VALUES    ('SylvannasW','VrmfJbl*');
INSERT INTO account(Login,Pass) VALUES    ('TimJ','NiVJFvxq');
INSERT INTO account(Login,Pass) VALUES    ('JonesM','^nF!thEI');
INSERT INTO account(Login,Pass) VALUES    ('CaoDuyH','Xs!*qpll');
INSERT INTO account(Login,Pass) VALUES    ('VincentL','GiuZWMkt');
INSERT INTO account(Login,Pass) VALUES    ('AnathanP','#OIHOmyS');
INSERT INTO account(Login,Pass) VALUES    ('RichardB','aFDGPrVQ');
INSERT INTO account(Login,Pass) VALUES    ('MinhThaiN','ciTfrZe&');
INSERT INTO account(Login,Pass) VALUES    ('SioneA','PKyD&r!r');
INSERT INTO account(Login,Pass) VALUES    ('ArtoriaP','KX$PxAfo');
INSERT INTO account(Login,Pass) VALUES    ('TruongDuongL','VgTpNYmm');
INSERT INTO account(Login,Pass) VALUES    ('AlexeiS','rpesjRrc');
INSERT INTO account(Login,Pass) VALUES    ('NolvaC','WPKC@TLp');
INSERT INTO account(Login,Pass) VALUES    ('TomJ','$BMhYGWy');
INSERT INTO account(Login,Pass) VALUES    ('PCHistory','program0');
INSERT INTO account(Login,Pass) VALUES    ('PCGeography','gVPwOBoc');
INSERT INTO account(Login,Pass) VALUES    ('PCFinancial','bpM$xnLN');
INSERT INTO account(Login,Pass) VALUES    ('PCBusiness','OzbwfvT#');
INSERT INTO account(Login,Pass) VALUES    ('PCAutomation','HAjfepaP');
INSERT INTO account(Login,Pass) VALUES    ('PCMechanic','lGH*SXrX');
INSERT INTO account(Login,Pass) VALUES    ('PCSoftware','tSQ&o$i&');
INSERT INTO account(Login,Pass) VALUES    ('PCAI','ou$rVjyf');
INSERT INTO account(Login,Pass) VALUES    ('PCDP','mRiTrjsX');
INSERT INTO account(Login,Pass) VALUES    ('PCSculpture','D*mHXevV');
INSERT INTO account(Login,Pass) VALUES    ('FSocial','faculty0');
INSERT INTO account(Login,Pass) VALUES    ('FEconomic','HEjFbLbT');
INSERT INTO account(Login,Pass) VALUES    ('FEngineering','c%onAMiX');
INSERT INTO account(Login,Pass) VALUES    ('FIT','IB@$bGal');
INSERT INTO account(Login,Pass) VALUES    ('FArt','olpfb!Hd');




INSERT INTO user (Username, Login) VALUES    ('Tran Van Hung','VanHungT');
INSERT INTO user (Username, Login) VALUES   ('Lyrai Luna','LyraiL');
INSERT INTO user (Username, Login)  VALUES  ('Lina Mirana','LinaM');
INSERT INTO user (Username, Login)  VALUES  ('Jim Raynor','JimR');
INSERT INTO user (Username, Login)  VALUES  ('Elizabeth Ezalor','ElizabethE');
INSERT INTO user (Username, Login)  VALUES  ('Sarah Kerrigan','SarahK');
INSERT INTO user (Username, Login)  VALUES  ('Syvannas Windrunner','SyvannasW');
INSERT INTO user (Username, Login)  VALUES  ('Tim Johnson','TimJ');
INSERT INTO user (Username, Login)   VALUES ('Jones McDonald','JonesM');
INSERT INTO user (Username, Login)  VALUES ('Tran Cao Duy','CaoDuyT');
INSERT INTO user (Username, Login)  VALUES ('Vincent Law','VincentL');
INSERT INTO user (Username, Login) VALUES ('Anathan Pham','AnathanP');
INSERT INTO user (Username, Login) VALUES  ('Richard Bradley','RichardB');
INSERT INTO user (Username, Login) VALUES  ('Ngo Minh Thai','MinhThaiN');
INSERT INTO user (Username, Login)  VALUES  ('Sione Aldric','SioneA');
INSERT INTO user (Username, Login)  VALUES  ('Artoria Pendragon','ArtoriaP');
INSERT INTO user (Username, Login)  VALUES  ('Le Truong Duong','TruongDuongL');
INSERT INTO user (Username, Login)  VALUES ('Alexei Stukov','AlexeiS');
INSERT INTO user (Username, Login)  VALUES  ('Nolva Carpenter','NolvaC');
INSERT INTO user (Username, Login) VALUES  ('Tom Jerry','TomJ');
INSERT INTO user (Username, Login)    VALUES ('Josh Walkman','PCHistory');
INSERT INTO user (Username, Login)  VALUES  ('John Runnman','PCGeography');
INSERT INTO user (Username, Login)   VALUES ('Joe Headman','PCFinancial');
INSERT INTO user (Username, Login)   VALUES ('Joel Oman','PCBusiness');
INSERT INTO user (Username, Login)  VALUES  ('Tim Burton','PCAutomation');
INSERT INTO user (Username, Login)   VALUES ('Jim Burrow','PCMechanic');
 INSERT INTO user (Username, Login)  VALUES ('Mark Regson','PCSoftware');
INSERT INTO user (Username, Login)   VALUES ('Jack Sparrow','PCAI');
INSERT INTO user (Username, Login)   VALUES ('Miranda Alonso','PCDP');
INSERT INTO user (Username, Login)   VALUES ('Angelia Carlos','PCSculpture');
INSERT INTO user (Username, Login)  VALUES  ('Tarzan Jungle','FSocial');
 INSERT INTO user (Username, Login) VALUES  ('Harry Apemann','FEconomic');
 INSERT INTO user (Username, Login) VALUES  ('Alex Mercer','FEngineering');
INSERT INTO user (Username, Login) VALUES  ('Amelia Watson','FIT');
INSERT INTO user (Username, Login) VALUES   ('Gawr Gura','FArt');




INSERT INTO Prog_Cordinator (StartDate, EndDate,	Username, PCode) VALUES    ('2020-09-15','2021-07-15','Josh Walkman','P10001');
INSERT INTO Prog_Cordinator (StartDate, EndDate,	Username, PCode) VALUES     ('2020-09-15','2021-07-15','John Runnman','P10002');
INSERT INTO Prog_Cordinator (StartDate, EndDate,	Username, PCode) VALUES     ('2020-09-15','2021-07-15','Joe Headman','P20001');
INSERT INTO Prog_Cordinator (StartDate, EndDate,	Username, PCode) VALUES     ('2020-09-15','2021-07-15','Joel Oman','P20002');
INSERT INTO Prog_Cordinator (StartDate, EndDate,	Username, PCode) VALUES     ('2020-09-15','2021-07-15','Tim Burton','P30001');
INSERT INTO Prog_Cordinator (StartDate, EndDate,	Username, PCode) VALUES     ('2020-09-15','2021-07-15','Jim Burrow','P30002');
 INSERT INTO Prog_Cordinator (StartDate, EndDate,	Username, PCode) VALUES    ('2020-09-15','2021-07-15','Mark Regson','P40001');
 INSERT INTO Prog_Cordinator (StartDate, EndDate,	Username, PCode) VALUES    ('2020-09-15','2021-07-15','Jack Sparrow','P40002');
 INSERT INTO Prog_Cordinator (StartDate, EndDate,	Username, PCode) VALUES    ('2020-09-15','2021-07-15','Miranda Alonso','P50001');
 INSERT INTO Prog_Cordinator (StartDate, EndDate,	Username, PCode) VALUES    ('2020-09-15','2021-07-15','Angelia Carlos','P50002');
 
 
 
 
 INSERT INTO dean (StartDate, EndDate,	Username, FCode)VALUES    ('2020-09-15','2021-07-15','Tarzan Jungle','F00001');
INSERT INTO dean (StartDate, EndDate,	Username, FCode)VALUES    ('2020-09-15','2021-07-15','Harry Apemann','F00002');
INSERT INTO dean (StartDate, EndDate,	Username, FCode)VALUES    ('2020-09-15','2021-07-15','Alex Mercer','F00003');
INSERT INTO dean (StartDate, EndDate,	Username, FCode)VALUES    ('2020-09-15','2021-07-15','Amelia Watson','F00004');
INSERT INTO dean (StartDate, EndDate,	Username, FCode)VALUES    ('2020-09-15','2021-07-15','Gawr Gura','F00005');
